{"stats":{"minecraft:picked_up":{"minecraft:sandstone":1,"minecraft:wheat_seeds":8,"minecraft:sand":83,"minecraft:redstone":3,"minecraft:dirt":10,"minecraft:cobblestone":29},"minecraft:custom":{"minecraft:time_since_rest":10719,"minecraft:crouch_one_cm":117,"minecraft:deaths":2,"minecraft:sprint_one_cm":15063,"minecraft:play_time":16287,"minecraft:damage_taken":225,"minecraft:walk_one_cm":32034,"minecraft:sneak_time":368,"minecraft:jump":72,"minecraft:leave_game":3,"minecraft:time_since_death":10694,"minecraft:total_world_time":16287,"minecraft:fly_one_cm":85494},"minecraft:mined":{"minecraft:sand":2},"minecraft:killed_by":{"minecraft:creeper":1},"minecraft:used":{"minecraft:warden_spawn_egg":2,"minecraft:lever":1,"minecraft:bedrock":17,"minecraft:torch":6,"minecraft:flint_and_steel":4,"minecraft:tnt":17,"minecraft:grass_block":5,"minecraft:redstone":112,"securitycraft:cage_trap":23,"minecraft:sandstone":1,"securitycraft:keypad_door_item":3,"securitycraft:reinforced_nether_bricks":146,"minecraft:cat_spawn_egg":3,"minecraft:obsidian":17}},"DataVersion":3465}