{"stats":{"minecraft:custom":{"minecraft:jump":14,"minecraft:time_since_rest":8416,"minecraft:leave_game":3,"minecraft:play_time":8416,"minecraft:sprint_one_cm":800,"minecraft:time_since_death":8416,"minecraft:walk_on_water_one_cm":225,"minecraft:walk_one_cm":726,"minecraft:sneak_time":79,"minecraft:total_world_time":8416,"minecraft:fall_one_cm":209,"minecraft:fly_one_cm":51588},"minecraft:picked_up":{"minecraft:sand":4,"minecraft:dirt":43},"minecraft:mined":{"minecraft:sand":4}},"DataVersion":3465}