{"stats":{"minecraft:used":{"securitycraft:end_stone_mine":10},"minecraft:custom":{"minecraft:jump":22,"minecraft:time_since_rest":11421,"minecraft:leave_game":4,"minecraft:play_time":11421,"minecraft:sprint_one_cm":1445,"minecraft:time_since_death":11421,"minecraft:walk_on_water_one_cm":225,"minecraft:walk_one_cm":2030,"minecraft:sneak_time":79,"minecraft:total_world_time":11421,"minecraft:fall_one_cm":209,"minecraft:fly_one_cm":53390},"minecraft:mined":{"minecraft:sand":4},"minecraft:picked_up":{"minecraft:sand":4,"minecraft:dirt":43}},"DataVersion":3465}